insert into member (member_id, auth_id, email, nickname, role, sns_type) values (1, 'test_auth_id', 'test@collusic.com', 'test_user1', 'USER', 'KAKAO');
insert into member (member_id, auth_id, email, nickname, role, sns_type) values (2, 'test_auth_id2', 'test2@collusic.com', 'test_user2', 'USER', 'KAKAO');

insert into project (project_id, project_name, bpm, file_url, created_date, modified_date) values (1, 'test project', 50, 'test_url', '2000-12-01 00:07:21.952693', '2000-12-01 00:07:21.952693');
insert into project (project_id, project_name, bpm, file_url, created_date, modified_date) values (2, 'test project', 50, 'test_url', '2001-12-01 00:07:21.952693', '2001-12-01 00:07:21.952693');
insert into project (project_id, project_name, bpm, file_url, created_date, modified_date) values (3, 'test project', 50, 'test_url', '2002-12-01 00:07:21.952693', '2002-12-01 00:07:21.952693');
insert into project (project_id, project_name, bpm, file_url, created_date, modified_date) values (4, 'test project', 50, 'test_url', '2003-12-01 00:07:21.952693', '2003-12-01 00:07:21.952693');
insert into project (project_id, project_name, bpm, file_url, created_date, modified_date) values (5, 'test project', 50, 'test_url', '2004-12-01 00:07:21.952693', '2004-12-01 00:07:21.952693');
insert into project (project_id, project_name, bpm, file_url, created_date, modified_date) values (6, 'test project', 50, 'test_url', '2004-12-01 00:07:21.952693', '2004-12-01 00:07:21.952693');
insert into project (project_id, project_name, bpm, file_url, created_date, modified_date) values (7, 'test project', 50, 'test_url', '2004-12-01 00:07:21.952693', '2004-12-01 00:07:21.952693');
insert into project (project_id, project_name, bpm, file_url, created_date, modified_date) values (8, 'test project', 50, 'test_url', '2004-12-01 00:07:21.952693', '2004-12-01 00:07:21.952693');
insert into project (project_id, project_name, bpm, file_url, created_date, modified_date) values (9, 'test project', 50, 'test_url', '2004-12-01 00:07:21.952693', '2004-12-01 00:07:21.952693');
insert into project (project_id, project_name, bpm, file_url, created_date, modified_date) values (10, 'test project', 50, 'test_url', '2004-12-01 00:07:21.952693', '2004-12-01 00:07:21.952693');
insert into project (project_id, project_name, bpm, file_url, created_date, modified_date) values (11, 'test project', 50, 'test_url', '2004-12-01 00:07:21.952693', '2004-12-01 00:07:21.952693');
insert into project (project_id, project_name, bpm, file_url, created_date, modified_date) values (12, 'test project', 50, 'test_url', '2004-12-01 00:07:21.952693', '2004-12-01 00:07:21.952693');
insert into project (project_id, project_name, bpm, file_url, created_date, modified_date) values (13, 'test project', 50, 'test_url', '2004-12-01 00:07:21.952693', '2004-12-01 00:07:21.952693');
insert into project (project_id, project_name, bpm, file_url, created_date, modified_date) values (14, 'test project', 50, 'test_url', '2004-12-01 00:07:21.952693', '2004-12-01 00:07:21.952693');
insert into project (project_id, project_name, bpm, file_url, created_date, modified_date) values (15, 'test project', 50, 'test_url', '2004-12-01 00:07:21.952693', '2004-12-01 00:07:21.952693');
insert into project (project_id, project_name, bpm, file_url, created_date, modified_date) values (16, 'test project', 50, 'test_url', '2004-12-01 00:07:21.952693', '2004-12-01 00:07:21.952693');


insert into track (track_id, creator_id, file_url, order_in_project, project_id, track_name, track_tag, created_date, modified_date) values (1, 1, 'test', 0, 2, 'test1', 'PIANO', '2002-12-02 00:07:21.952693', '2002-12-02 00:07:21.952693');
insert into track (track_id, creator_id, file_url, order_in_project, project_id, track_name, track_tag, created_date, modified_date) values (2, 1, 'test', 1, 2, 'test1', 'PIANO', '2002-12-03 00:07:21.952693', '2002-12-03 00:07:21.952693');
insert into track (track_id, creator_id, file_url, order_in_project, project_id, track_name, track_tag, created_date, modified_date) values (3, 1, 'test', 2, 2, 'test1', 'PIANO', '2002-12-04 00:07:21.952693', '2002-12-04 00:07:21.952693');
insert into track (track_id, creator_id, file_url, order_in_project, project_id, track_name, track_tag, created_date, modified_date) values (4, 1, 'test', 3, 2, 'test1', 'PIANO', '2002-12-05 00:07:21.952693', '2002-12-05 00:07:21.952693');
insert into track (track_id, creator_id, file_url, order_in_project, project_id, track_name, track_tag, created_date, modified_date) values (5, 1, 'test', 4, 2, 'test1', 'PIANO', '2002-12-06 00:07:21.952693', '2002-12-06 00:07:21.952693');
insert into track (track_id, creator_id, file_url, order_in_project, project_id, track_name, track_tag, created_date, modified_date) values (6, 1, 'test', 5, 2, 'test1', 'PIANO', '2002-12-07 00:07:21.952693', '2002-12-07 00:07:21.952693');
insert into track (track_id, creator_id, file_url, order_in_project, project_id, track_name, track_tag, created_date, modified_date) values (7, 1, 'test', 6, 2, 'test1', 'PIANO', '2002-12-08 00:07:21.952693', '2002-12-08 00:07:21.952693');
insert into track (track_id, creator_id, file_url, order_in_project, project_id, track_name, track_tag, created_date, modified_date) values (8, 1, 'test', 7, 2, 'test1', 'PIANO', '2002-12-09 00:07:21.952693', '2002-12-09 00:07:21.952693');
insert into track (track_id, creator_id, file_url, order_in_project, project_id, track_name, track_tag, created_date, modified_date) values (9, 1, 'test', 8, 2, 'test1', 'PIANO', '2002-12-10 00:07:21.952693', '2002-12-10 00:07:21.952693');
insert into track (track_id, creator_id, file_url, order_in_project, project_id, track_name, track_tag, created_date, modified_date) values (10, 1, 'test', 9, 2, 'test1', 'PIANO', '2002-12-11 00:07:21.952693', '2002-12-11 00:07:21.952693');

insert into track (track_id, creator_id, file_url, order_in_project, project_id, track_name, track_tag, created_date, modified_date) values (11, 1, 'test', 0, 3, 'test1', 'PIANO', '2002-12-01 00:07:21.952693', '2002-12-01 00:07:21.952693');
insert into track (track_id, creator_id, file_url, order_in_project, project_id, track_name, track_tag, created_date, modified_date) values (12, 1, 'test', 1, 3, 'test1', 'PIANO', '2002-12-02 00:07:21.952693', '2002-12-02 00:07:21.952693');

insert into track (track_id, creator_id, file_url, order_in_project, project_id, track_name, track_tag, created_date, modified_date) values (13, 1, 'test', 0, 4, 'test1', 'PIANO', '2003-12-01 00:07:21.952693', '2003-12-01 00:07:21.952693');
insert into track (track_id, creator_id, file_url, order_in_project, project_id, track_name, track_tag, created_date, modified_date) values (14, 2, 'test', 1, 4, 'test1', 'PIANO', '2003-12-02 00:07:21.952693', '2003-12-02 00:07:21.952693');


insert into track (track_id, creator_id, file_url, order_in_project, project_id, track_name, track_tag, created_date, modified_date) values (15, 1, 'test', 0, 5, 'test1', 'PIANO', '2004-12-01 00:07:21.952693', '2004-12-01 00:07:21.952693');

insert into track (track_id, creator_id, file_url, order_in_project, project_id, track_name, track_tag, created_date, modified_date) values (16, 1, 'test', 0, 10, 'test1', 'PIANO', '2002-12-11 00:07:21.952693', '2002-12-11 00:07:21.952693');
insert into track (track_id, creator_id, file_url, order_in_project, project_id, track_name, track_tag, created_date, modified_date) values (17, 2, 'test', 1, 5, 'test1', 'PIANO', '2004-12-01 00:07:21.952693', '2004-12-01 00:07:21.952693');
insert into track (track_id, creator_id, file_url, order_in_project, project_id, track_name, track_tag, created_date, modified_date) values (18, 1, 'test', 0, 11, 'test1', 'PIANO', '2004-12-01 00:07:21.952693', '2004-12-01 00:07:21.952693');

insert into track (track_id, creator_id, file_url, order_in_project, project_id, track_name, track_tag, created_date, modified_date) values (19, 1, 'test', 0, 14, 'test project', 'PIANO', '2004-12-01 00:07:21.952693', '2004-12-01 00:07:21.952693');

insert into track (track_id, creator_id, file_url, order_in_project, project_id, track_name, track_tag, created_date, modified_date) values (20, 2, 'test', 10, 1, 'test1', 'PIANO', '2002-12-11 00:07:21.952693', '2002-12-11 00:07:21.952693');

insert into track (track_id, creator_id, file_url, order_in_project, project_id, track_name, track_tag, created_date, modified_date) values (21, 2, 'test', 0, 15, 'test project', 'PIANO', '2004-12-01 00:07:21.952693', '2004-12-01 00:07:21.952693');

insert into track (track_id, creator_id, file_url, order_in_project, project_id, track_name, track_tag, created_date, modified_date) values (22, 1, 'test', 0, 16, 'test project', 'PIANO', '2004-12-01 00:07:21.952693', '2004-12-01 00:07:21.952693');

insert into track (track_id, file_url, order_in_project, project_id, track_name, track_tag, created_date, modified_date) values (23, 'test', 0, 6, 'test1', 'PIANO', '2002-12-07 00:07:21.952693', '2002-12-07 00:07:21.952693');


insert into project_like(project_like_id, member_id, project_id) values(1, 1, 13);